,joblinks
0,https://www.linkedin.com/jobs/view/software-engineer-at-interclypse-4020981491?position=1&pageNum=0&refId=T0rqnem6FlEGa0PUSn78AA%3D%3D&trackingId=E9SlUBapimGaGnkfGieDlQ%3D%3D&trk=public_jobs_jserp-result_search-card
1,https://www.linkedin.com/jobs/view/full-stack-web-developer-at-phoenix-recruitment-4020903686?position=2&pageNum=0&refId=T0rqnem6FlEGa0PUSn78AA%3D%3D&trackingId=x997zviT07ilhNkzByZPJg%3D%3D&trk=public_jobs_jserp-result_search-card
2,https://www.linkedin.com/jobs/view/full-stack-developer-vue-js-aws-spinnaker-docker-mongodb-node-js-express-js-at-pinnacle-group-inc-4020706005?position=3&pageNum=0&refId=T0rqnem6FlEGa0PUSn78AA%3D%3D&trackingId=6Y8PzS%2FXJZNoEWV7TTYFOw%3D%3D&trk=public_jobs_jserp-result_search-card
3,https://www.linkedin.com/jobs/view/full-stack-engineer-at-eteam-4019667093?position=4&pageNum=0&refId=T0rqnem6FlEGa0PUSn78AA%3D%3D&trackingId=qeB2ICGk7Q2ts3DVzpuiJw%3D%3D&trk=public_jobs_jserp-result_search-card
4,https://www.linkedin.com/jobs/view/terraform-developer-at-itc-infotech-4018453443?position=5&pageNum=0&refId=T0rqnem6FlEGa0PUSn78AA%3D%3D&trackingId=xqb5jM1eAPxAsCRLQ5Y1Kw%3D%3D&trk=public_jobs_jserp-result_search-card
5,https://www.linkedin.com/jobs/view/software-engineer-front-end-at-ss-c-technologies-3985171793?position=6&pageNum=0&refId=T0rqnem6FlEGa0PUSn78AA%3D%3D&trackingId=epiO6g%2F0HhOIGObPjsk92w%3D%3D&trk=public_jobs_jserp-result_search-card
6,https://www.linkedin.com/jobs/view/lead-software-engineer-at-gamestop-3840438746?position=7&pageNum=0&refId=T0rqnem6FlEGa0PUSn78AA%3D%3D&trackingId=7dpTmqJP6%2B%2Bm3J092S06zA%3D%3D&trk=public_jobs_jserp-result_search-card
7,https://www.linkedin.com/jobs/view/senior-frontend-developer-at-broadcom-software-3963202376?position=8&pageNum=0&refId=T0rqnem6FlEGa0PUSn78AA%3D%3D&trackingId=8LQ2GsyucEbILcH0jHPNcw%3D%3D&trk=public_jobs_jserp-result_search-card
8,https://www.linkedin.com/jobs/view/founding-engineer-incubator-at-adobe-3930906334?position=9&pageNum=0&refId=T0rqnem6FlEGa0PUSn78AA%3D%3D&trackingId=3qK0FQijG0oLGc5aWra1gw%3D%3D&trk=public_jobs_jserp-result_search-card
9,https://www.linkedin.com/jobs/view/software-developer-4-at-open-systems-inc-4018996107?position=10&pageNum=0&refId=T0rqnem6FlEGa0PUSn78AA%3D%3D&trackingId=61iQCgDOF%2B%2BQor%2BWTcQ%2BVw%3D%3D&trk=public_jobs_jserp-result_search-card
10,https://www.linkedin.com/jobs/view/senior-software-engineer-at-rightworks-4020932825?position=11&pageNum=0&refId=T0rqnem6FlEGa0PUSn78AA%3D%3D&trackingId=MRlELumaq05hAmpG3aTYZw%3D%3D&trk=public_jobs_jserp-result_search-card
11,https://www.linkedin.com/jobs/view/principal-consultant-java-developer-at-ampcus-inc-4019579971?position=12&pageNum=0&refId=T0rqnem6FlEGa0PUSn78AA%3D%3D&trackingId=AmbOs17PB8XlXFzJ9RqSrQ%3D%3D&trk=public_jobs_jserp-result_search-card
12,https://www.linkedin.com/jobs/view/application-developer-software-data-engineer-at-metronational-3985116296?position=13&pageNum=0&refId=T0rqnem6FlEGa0PUSn78AA%3D%3D&trackingId=QNITyMVGi6OpNBV5sw5hLw%3D%3D&trk=public_jobs_jserp-result_search-card
13,https://www.linkedin.com/jobs/view/payments-software-engineer-at-dice-4019642893?position=14&pageNum=0&refId=T0rqnem6FlEGa0PUSn78AA%3D%3D&trackingId=dAc5wATK7DR12F36xATB6w%3D%3D&trk=public_jobs_jserp-result_search-card
14,https://www.linkedin.com/jobs/view/software-engineer-ror-ruby-on-rails-at-verdant-infotech-solutions-4019579952?position=15&pageNum=0&refId=T0rqnem6FlEGa0PUSn78AA%3D%3D&trackingId=WemeI5JOTDxXfA6Ktt1wdQ%3D%3D&trk=public_jobs_jserp-result_search-card
15,https://www.linkedin.com/jobs/view/software-engineer-at-dice-4019645311?position=16&pageNum=0&refId=T0rqnem6FlEGa0PUSn78AA%3D%3D&trackingId=hyogUHINlr957KhqOurg4Q%3D%3D&trk=public_jobs_jserp-result_search-card
16,https://www.linkedin.com/jobs/view/senior-software-engineer-ii-ai-ml-at-aledade-inc-4020986374?position=17&pageNum=0&refId=T0rqnem6FlEGa0PUSn78AA%3D%3D&trackingId=6Rjc6LTFcExhvsx7DrWccA%3D%3D&trk=public_jobs_jserp-result_search-card
17,https://www.linkedin.com/jobs/view/senior-software-engineer-back-end-at-capital-one-4003742991?position=18&pageNum=0&refId=T0rqnem6FlEGa0PUSn78AA%3D%3D&trackingId=QuUbpjqve811YO3zmO2K5A%3D%3D&trk=public_jobs_jserp-result_search-card
18,https://www.linkedin.com/jobs/view/junior-ibmi-rpg-programmer-at-fathom-management-llc-4020975799?position=19&pageNum=0&refId=T0rqnem6FlEGa0PUSn78AA%3D%3D&trackingId=KfplAgy18%2BemBEgiJgTRjQ%3D%3D&trk=public_jobs_jserp-result_search-card
19,https://www.linkedin.com/jobs/view/cto-head-of-engineering-ai-full-stack-at-episodic-4020799495?position=20&pageNum=0&refId=T0rqnem6FlEGa0PUSn78AA%3D%3D&trackingId=FCJi5rRBLZfRFx8%2F1YLsmg%3D%3D&trk=public_jobs_jserp-result_search-card
20,https://www.linkedin.com/jobs/view/principal-software-engineer-digital-assets-apis-at-remoteworker-ca-4018989070?position=21&pageNum=0&refId=T0rqnem6FlEGa0PUSn78AA%3D%3D&trackingId=kKG8n7wuf33L8KwaQPSEiQ%3D%3D&trk=public_jobs_jserp-result_search-card
21,https://www.linkedin.com/jobs/view/lead-software-engineer-integrations-at-foot-locker-3949097814?position=22&pageNum=0&refId=T0rqnem6FlEGa0PUSn78AA%3D%3D&trackingId=H34lcg7SDg5VfoX%2FHGPyAQ%3D%3D&trk=public_jobs_jserp-result_search-card
22,https://www.linkedin.com/jobs/view/senior-software-engineer-back-end-at-capital-one-4003741970?position=23&pageNum=0&refId=T0rqnem6FlEGa0PUSn78AA%3D%3D&trackingId=frrlOZWhmeiEV6DrsTrKgA%3D%3D&trk=public_jobs_jserp-result_search-card
23,https://www.linkedin.com/jobs/view/hybrid-opportunity-for-sitecore-developer-in-dallas-for-our-direct-client-at-remoteworker-us-4019537192?position=24&pageNum=0&refId=T0rqnem6FlEGa0PUSn78AA%3D%3D&trackingId=lZ7CHVZsg4Ka4ChXjOMUwA%3D%3D&trk=public_jobs_jserp-result_search-card
24,https://www.linkedin.com/jobs/view/senior-full-stack-cloud-developer-at-dice-4019647001?position=25&pageNum=0&refId=T0rqnem6FlEGa0PUSn78AA%3D%3D&trackingId=nA2AAZPmwfTXvGFVoVHv4g%3D%3D&trk=public_jobs_jserp-result_search-card
25,https://www.linkedin.com/jobs/view/sr-software-engineer-cloud-platform-reliability-remote-at-crowdstrike-4019704911?position=26&pageNum=0&refId=T0rqnem6FlEGa0PUSn78AA%3D%3D&trackingId=7DS19OsnJcG6rY1ip7V9RQ%3D%3D&trk=public_jobs_jserp-result_search-card
26,https://www.linkedin.com/jobs/view/senior-react-native-developer-at-jobot-4019548094?position=27&pageNum=0&refId=T0rqnem6FlEGa0PUSn78AA%3D%3D&trackingId=7%2F85oj%2BCb%2F8JaB3MpxTpEg%3D%3D&trk=public_jobs_jserp-result_search-card
27,https://www.linkedin.com/jobs/view/remote-sr-backend-engineer-node-aws-serverless-architecture-at-cybercoders-3946210589?position=28&pageNum=0&refId=T0rqnem6FlEGa0PUSn78AA%3D%3D&trackingId=PBDVi1g3ykLzLYm%2FW0Ehng%3D%3D&trk=public_jobs_jserp-result_search-card
28,https://www.linkedin.com/jobs/view/lead-software-engineer-front-end-react-typescript-javascript-at-capital-one-3968200367?position=29&pageNum=0&refId=T0rqnem6FlEGa0PUSn78AA%3D%3D&trackingId=uXzhqaeCxJS97fuS90TOLg%3D%3D&trk=public_jobs_jserp-result_search-card
29,https://www.linkedin.com/jobs/view/senior-manager-software-engineering-back-end-at-capital-one-3985792598?position=30&pageNum=0&refId=T0rqnem6FlEGa0PUSn78AA%3D%3D&trackingId=Z34PGohrsH%2FzaWH6IGFvHg%3D%3D&trk=public_jobs_jserp-result_search-card
30,https://www.linkedin.com/jobs/view/senior-software-engineer-at-dice-4019643720?position=31&pageNum=0&refId=T0rqnem6FlEGa0PUSn78AA%3D%3D&trackingId=eFU21L1f3XvZ%2BiG93mipdQ%3D%3D&trk=public_jobs_jserp-result_search-card
31,https://www.linkedin.com/jobs/view/software-development-engineer-iii-ai-ml-or-gen-ai-at-gm-financial-3949345509?position=32&pageNum=0&refId=T0rqnem6FlEGa0PUSn78AA%3D%3D&trackingId=oKOmU2yMRHltIgQfBCH9Zg%3D%3D&trk=public_jobs_jserp-result_search-card
32,https://www.linkedin.com/jobs/view/lead-growth-engineer-at-jobot-4019546642?position=33&pageNum=0&refId=T0rqnem6FlEGa0PUSn78AA%3D%3D&trackingId=dF5LpWoWlHPAPH6t1TqACg%3D%3D&trk=public_jobs_jserp-result_search-card
33,https://www.linkedin.com/jobs/view/fullstack-engineer-angular-at-dice-4019648014?position=34&pageNum=0&refId=T0rqnem6FlEGa0PUSn78AA%3D%3D&trackingId=adeRkVcbRcEIE4JapD3EoQ%3D%3D&trk=public_jobs_jserp-result_search-card
34,https://www.linkedin.com/jobs/view/senior-lead-software-engineer-front-end-ic-at-capital-one-3968459393?position=35&pageNum=0&refId=T0rqnem6FlEGa0PUSn78AA%3D%3D&trackingId=LwJV4BJRXt3awZzLZQ1TqQ%3D%3D&trk=public_jobs_jserp-result_search-card
35,https://www.linkedin.com/jobs/view/senior-software-engineer-azure-compute-team-at-microsoft-3985172948?position=36&pageNum=0&refId=T0rqnem6FlEGa0PUSn78AA%3D%3D&trackingId=rwOMpNE08%2FZqlecGxXLBlw%3D%3D&trk=public_jobs_jserp-result_search-card
36,https://www.linkedin.com/jobs/view/senior-software-engineer-python-django-at-dice-4019644343?position=37&pageNum=0&refId=T0rqnem6FlEGa0PUSn78AA%3D%3D&trackingId=7yU70D7ijRs33IDWGw4tZg%3D%3D&trk=public_jobs_jserp-result_search-card
37,https://www.linkedin.com/jobs/view/retail-front-end-supervisor-full-time-at-burlington-stores-inc-3948735208?position=38&pageNum=0&refId=T0rqnem6FlEGa0PUSn78AA%3D%3D&trackingId=3AilmuEpLfHUmOlXif0hzA%3D%3D&trk=public_jobs_jserp-result_search-card
38,https://www.linkedin.com/jobs/view/retail-front-end-supervisor-full-time-at-burlington-stores-inc-3985193836?position=39&pageNum=0&refId=T0rqnem6FlEGa0PUSn78AA%3D%3D&trackingId=0qExWeUZLb37iu3wn1pacg%3D%3D&trk=public_jobs_jserp-result_search-card
39,https://www.linkedin.com/jobs/view/alarm-cctv-programmer-at-dice-4019641811?position=40&pageNum=0&refId=T0rqnem6FlEGa0PUSn78AA%3D%3D&trackingId=K%2BzMVYfhKb5HHYCXPe7j3Q%3D%3D&trk=public_jobs_jserp-result_search-card
40,https://www.linkedin.com/jobs/view/retail-front-end-supervisor-full-time-at-burlington-stores-inc-3950766801?position=41&pageNum=0&refId=T0rqnem6FlEGa0PUSn78AA%3D%3D&trackingId=9SuAShZ7ivRrXRoIMcPWOQ%3D%3D&trk=public_jobs_jserp-result_search-card
41,https://www.linkedin.com/jobs/view/sr-ruby-on-rails-engineer-security-at-aha%21-4020704217?position=42&pageNum=0&refId=T0rqnem6FlEGa0PUSn78AA%3D%3D&trackingId=vaK5dDXbmBlQ0nlFDkiCTg%3D%3D&trk=public_jobs_jserp-result_search-card
42,https://www.linkedin.com/jobs/view/sr-ruby-on-rails-engineer-security-at-aha%21-4020708005?position=43&pageNum=0&refId=T0rqnem6FlEGa0PUSn78AA%3D%3D&trackingId=9Fok7Xtdw2l7fWDNsf6Q2g%3D%3D&trk=public_jobs_jserp-result_search-card
43,https://www.linkedin.com/jobs/view/sr-ruby-on-rails-engineer-security-at-aha%21-4020701778?position=44&pageNum=0&refId=T0rqnem6FlEGa0PUSn78AA%3D%3D&trackingId=wH4CzuAseI7C7SFY%2F2grvw%3D%3D&trk=public_jobs_jserp-result_search-card
44,https://www.linkedin.com/jobs/view/sr-ruby-on-rails-engineer-security-at-aha%21-4020703533?position=45&pageNum=0&refId=T0rqnem6FlEGa0PUSn78AA%3D%3D&trackingId=TejXUQEAU4LZVdM6HX9Snw%3D%3D&trk=public_jobs_jserp-result_search-card
45,https://www.linkedin.com/jobs/view/sr-ruby-on-rails-engineer-security-at-aha%21-4020706058?position=46&pageNum=0&refId=T0rqnem6FlEGa0PUSn78AA%3D%3D&trackingId=Rc5JNQnxDX1ay4wJ%2FE9YVw%3D%3D&trk=public_jobs_jserp-result_search-card
